{"Diabetes_binary": 1.0, "GenHlth": 0.40761159849491824, "HighBP": 0.3815155489073118, "BMI": 0.2933727447610357, "HighChol": 0.2892128070886501, "Age": 0.2787380662818883, "DiffWalk": 0.272646006159808, "PhysHlth": 0.21308101903810314, "HeartDiseaseorAttack": 0.2115234043602268, "Stroke": 0.12542678468516733, "CholCheck": 0.11538161710270889, "MentHlth": 0.08702877147509414, "Smoker": 0.0859989642080019, "Sex": 0.044412858371260674, "NoDocbcCost": 0.04097657326664351, "AnyHealthcare": 0.023190748531128236, "Fruits": -0.0540765562866664, "Veggies": -0.07929314561269882, "HvyAlcoholConsump": -0.09485313995926543, "PhysActivity": -0.1586656048640515, "Education": -0.17048063498806193, "Income": -0.22444871496381727}