{"Age": {"100+": 63.910989557434114, "105+": 63.08861698183167, "110+": 59.14117213416882, "18-24": 7.967313585291114, "25-34": 10.028653295128938, "35-44": 15.324548560273305, "45-54": 22.413175796634444, "55-64": 29.857954545454547, "65-74": 37.47848537005164, "75-84": 44.935972060535505, "85+": 49.55248169243287, "90+": 56.69501582278481, "95+": 60.40899042004422}, "BMI": {"Underweight": 25.880551301684534, "Normal": 27.164591977869986, "Overweight": 44.300807955251706, "Obese": 65.37654242462791}, "Sex": {"0.0": 47.96279893711249, "1.0": 52.42060298396582}, "Smoker": {"0.0": 45.90769396667925, "1.0": 54.51812607893327}, "HighBP": {"0.0": 28.327932598833446, "1.0": 66.79052018477606}, "HighChol": {"0.0": 34.77586566852575, "1.0": 63.73543578290235}, "HeartDiseaseorAttack": {"0.0": 45.595338877545935, "1.0": 75.39477461958082}, "PhysActivity": {"0.0": 62.20644976897061, "1.0": 44.84396064307129}, "GenHlth": {"1.0": 13.764791113257669, "2.0": 32.11050724637681, "3.0": 57.44226746915951, "4.0": 73.59242276178306, "5.0": 78.82231404958677}, "MentHlth": {"0.0": 48.663991183381505, "1.0": 39.59044368600683, "2.0": 46.15855524946434, "3.0": 46.97508896797153, "4.0": 49.84709480122324, "5.0": 48.55101230647082, "6.0": 56.94444444444444, "7.0": 49.09090909090909, "8.0": 55.55555555555556, "9.0": 46.42857142857143, "10.0": 55.301455301455306, "11.0": 37.5, "12.0": 51.53846153846153, "13.0": 53.333333333333336, "14.0": 56.09065155807366, "15.0": 57.89473684210527, "16.0": 50.0, "17.0": 61.111111111111114, "18.0": 47.61904761904761, "19.0": 57.14285714285714, "20.0": 58.93333333333334, "21.0": 57.14285714285714, "22.0": 50.0, "23.0": 61.53846153846154, "24.0": 60.0, "25.0": 64.23529411764706, "26.0": 41.17647058823529, "27.0": 70.58823529411765, "28.0": 57.57575757575758, "29.0": 56.60377358490566, "30.0": 64.07407407407408}, "PhysHlth": {"0.0": 41.9391206313416, "1.0": 41.6403785488959, "2.0": 49.43929790346173, "3.0": 52.871205906480725, "4.0": 55.45058139534884, "5.0": 56.34648370497427, "6.0": 63.08724832214765, "7.0": 56.03318250377074, "8.0": 57.608695652173914, "9.0": 65.45454545454545, "10.0": 65.15151515151516, "11.0": 54.54545454545454, "12.0": 62.926829268292686, "13.0": 61.53846153846154, "14.0": 58.97755610972568, "15.0": 67.69472033455305, "16.0": 68.0, "17.0": 77.14285714285715, "18.0": 70.0, "19.0": 30.0, "20.0": 70.97523219814241, "21.0": 60.698689956331876, "22.0": 74.19354838709677, "23.0": 59.25925925925925, "24.0": 62.5, "25.0": 70.73608617594255, "26.0": 84.61538461538461, "27.0": 61.76470588235294, "28.0": 67.77251184834124, "29.0": 77.89473684210526, "30.0": 71.9979881805608}, "DiffWalk": {"0.0": 42.072085715367436, "1.0": 73.44117317810365}, "Fruits": {"0.0": 53.394308202455996, "1.0": 47.84619297556013}}